T,dof,alternative,p-val,CI95%,cohen-d,BF10,power,borough
1.3764602765090912,190,two-sided,0.17029912729787058,[-32675.17 183584.42],0.6237470310445877,0.77,0.27787707135853473,BRONX
1.386515785206683,294,two-sided,0.16663994761236164,[-75105.17 433232.66],0.6253730722675124,0.776,0.2820561728583836,BROOKLYN
0.6122691043636546,444,two-sided,0.5406731498110959,[-95650.96 182216.92],0.2753629321826412,0.453,0.09373713613493638,QUEENS
1.717656413727022,290,two-sided,0.08692679772596514,[ -72532.87 1067150.58],0.7748216916336399,1.121,0.4021891303348363,MANHATTAN
0.7132179076821263,93,two-sided,0.4774968166285076,[-54245.11 115048.3 ],0.32770101367847376,0.481,0.10874483378744756,STATEN_ISLAND
