T,dof,alternative,p-val,CI95%,cohen-d,BF10,power,borough
1.2564913586723043,1319,two-sided,0.20916035845199424,[-65610.21 299388.3 ],0.253710481686275,0.427,0.24124677485025942,ALL BOROUGHS
