T,dof,alternative,p-val,CI95%,cohen-d,BF10,power,borough
0.5444553414686701,11.063754041035029,two-sided,0.5969306197107842,[-246.47  408.64],0.096308499979827,0.479,0.05391429248292809,BRONX
5.540972773672181,4.307624328052465,two-sided,0.00416072176883225,[ 511.25 1482.99],1.9523819379738636,7.855e+04,0.9903360013126686,BROOKLYN
-4.687306147116238,24.372130697542936,two-sided,8.878355077944588e-05,[-393.91 -153.2 ],0.48314903219222094,1592.021,0.15736845334274674,QUEENS
0.8761406811062072,4.621705764280313,two-sided,0.42414232183804257,[-596.34 1190.39],0.20045015224304757,0.519,0.0727388231578567,MANHATTAN
