T,dof,alternative,p-val,CI95%,cohen-d,BF10,power,borough
0.8761406811062072,4.621705764280313,two-sided,0.42414232183804257,[-596.34 1190.39],0.20045015224304757,0.519,0.0727388231578567,ALL BOROUGHS
