zipcode,borough,year,count,home_value
11103,QUEENS,2018,443,881343.5833333334
11103,QUEENS,2017,584,822617.0
11106,QUEENS,2018,648,618868.3333333334
11104,QUEENS,2019,465,578418.0833333334
11106,QUEENS,2017,531,576068.75
